ano,etnia,genero,subarea,quantidade_subarea,total_paper
2000,Africans,Feminino,"Computer Science",14,23
2000,Africans,Masculino,"Computer Science",90,168
2000,Africans,"Não Informado","Computer Science",4,6
2000,British,Feminino,"Computer Science",261,323
2000,British,Masculino,"Computer Science",1126,1605
2000,British,"Não Informado","Computer Science",57,77
2000,EastEuropean,Feminino,"Computer Science",47,72
2000,EastEuropean,Masculino,"Computer Science",209,389
2000,EastEuropean,"Não Informado","Computer Science",3,6
2000,GreaterEastAsian,Feminino,"Computer Science",228,287
2000,GreaterEastAsian,Masculino,"Computer Science",636,876
2000,GreaterEastAsian,"Não Informado","Computer Science",212,294
2000,IndianSubContinent,Feminino,"Computer Science",83,110
2000,IndianSubContinent,Masculino,"Computer Science",548,762
2000,IndianSubContinent,"Não Informado","Computer Science",77,117
2000,Jewish,Feminino,"Computer Science",143,204
2000,Jewish,Masculino,"Computer Science",696,1089
2000,Jewish,"Não Informado","Computer Science",8,13
2000,Muslim,Feminino,"Computer Science",18,41
2000,Muslim,Masculino,"Computer Science",182,284
2000,Muslim,"Não Informado","Computer Science",18,20
2000,WestEuropean,Feminino,"Computer Science",172,326
2000,WestEuropean,Masculino,"Computer Science",905,1699
2000,WestEuropean,"Não Informado","Computer Science",28,34
2001,Africans,Feminino,"Computer Science",11,19
2001,Africans,Masculino,"Computer Science",118,210
2001,Africans,"Não Informado","Computer Science",13,14
2001,British,Feminino,"Computer Science",287,380
2001,British,Masculino,"Computer Science",1128,1679
2001,British,"Não Informado","Computer Science",56,78
2001,EastEuropean,Feminino,"Computer Science",58,91
2001,EastEuropean,Masculino,"Computer Science",238,472
2001,EastEuropean,"Não Informado","Computer Science",2,5
2001,GreaterEastAsian,Feminino,"Computer Science",265,371
2001,GreaterEastAsian,Masculino,"Computer Science",782,1149
2001,GreaterEastAsian,"Não Informado","Computer Science",292,431
2001,IndianSubContinent,Feminino,"Computer Science",110,148
2001,IndianSubContinent,Masculino,"Computer Science",587,847
2001,IndianSubContinent,"Não Informado","Computer Science",71,107
2001,Jewish,Feminino,"Computer Science",146,206
2001,Jewish,Masculino,"Computer Science",769,1241
2001,Jewish,"Não Informado","Computer Science",5,12
2001,Muslim,Feminino,"Computer Science",40,65
2001,Muslim,Masculino,"Computer Science",224,343
2001,Muslim,"Não Informado","Computer Science",12,18
2001,WestEuropean,Feminino,"Computer Science",219,382
2001,WestEuropean,Masculino,"Computer Science",1077,1926
2001,WestEuropean,"Não Informado","Computer Science",33,48
2002,Africans,Feminino,"Computer Science",18,28
2002,Africans,Masculino,"Computer Science",104,190
2002,Africans,"Não Informado","Computer Science",9,10
2002,British,Feminino,"Computer Science",243,341
2002,British,Masculino,"Computer Science",1158,1748
2002,British,"Não Informado","Computer Science",58,90
2002,EastEuropean,Feminino,"Computer Science",48,95
2002,EastEuropean,Masculino,"Computer Science",235,519
2002,EastEuropean,"Não Informado","Computer Science",7,10
2002,GreaterEastAsian,Feminino,"Computer Science",287,409
2002,GreaterEastAsian,Masculino,"Computer Science",699,1128
2002,GreaterEastAsian,"Não Informado","Computer Science",232,360
2002,IndianSubContinent,Feminino,"Computer Science",110,164
2002,IndianSubContinent,Masculino,"Computer Science",609,946
2002,IndianSubContinent,"Não Informado","Computer Science",87,123
2002,Jewish,Feminino,"Computer Science",155,239
2002,Jewish,Masculino,"Computer Science",694,1239
2002,Jewish,"Não Informado","Computer Science",16,23
2002,Muslim,Feminino,"Computer Science",41,65
2002,Muslim,Masculino,"Computer Science",202,373
2002,Muslim,"Não Informado","Computer Science",8,15
2002,WestEuropean,Feminino,"Computer Science",176,385
2002,WestEuropean,Masculino,"Computer Science",856,1949
2002,WestEuropean,"Não Informado","Computer Science",28,38
2003,Africans,Feminino,"Computer Science",30,47
2003,Africans,Masculino,"Computer Science",129,222
2003,Africans,"Não Informado","Computer Science",5,6
2003,British,Feminino,"Computer Science",286,389
2003,British,Masculino,"Computer Science",1412,2015
2003,British,"Não Informado","Computer Science",61,85
2003,EastEuropean,Feminino,"Computer Science",90,136
2003,EastEuropean,Masculino,"Computer Science",325,612
2003,EastEuropean,"Não Informado","Computer Science",9,10
2003,GreaterEastAsian,Feminino,"Computer Science",467,625
2003,GreaterEastAsian,Masculino,"Computer Science",1225,1644
2003,GreaterEastAsian,"Não Informado","Computer Science",382,529
2003,IndianSubContinent,Feminino,"Computer Science",147,205
2003,IndianSubContinent,Masculino,"Computer Science",796,1188
2003,IndianSubContinent,"Não Informado","Computer Science",92,153
2003,Jewish,Feminino,"Computer Science",171,252
2003,Jewish,Masculino,"Computer Science",923,1400
2003,Jewish,"Não Informado","Computer Science",13,18
2003,Muslim,Feminino,"Computer Science",69,95
2003,Muslim,Masculino,"Computer Science",278,429
2003,Muslim,"Não Informado","Computer Science",16,26
2003,WestEuropean,Feminino,"Computer Science",270,462
2003,WestEuropean,Masculino,"Computer Science",1309,2262
2003,WestEuropean,"Não Informado","Computer Science",30,46
2004,Africans,Feminino,"Computer Science",27,46
2004,Africans,Masculino,"Computer Science",141,267
2004,Africans,"Não Informado","Computer Science",7,14
2004,British,Feminino,"Computer Science",308,449
2004,British,Masculino,"Computer Science",1518,2229
2004,British,"Não Informado","Computer Science",56,77
2004,EastEuropean,Feminino,"Computer Science",74,126
2004,EastEuropean,Masculino,"Computer Science",332,677
2004,EastEuropean,"Não Informado","Computer Science",4,6
2004,GreaterEastAsian,Feminino,"Computer Science",559,856
2004,GreaterEastAsian,Masculino,"Computer Science",1208,1880
2004,GreaterEastAsian,"Não Informado","Computer Science",394,637
2004,IndianSubContinent,Feminino,"Computer Science",152,208
2004,IndianSubContinent,Masculino,"Computer Science",935,1387
2004,IndianSubContinent,"Não Informado","Computer Science",93,156
2004,Jewish,Feminino,"Computer Science",161,263
2004,Jewish,Masculino,"Computer Science",911,1539
2004,Jewish,"Não Informado","Computer Science",9,14
2004,Muslim,Feminino,"Computer Science",59,114
2004,Muslim,Masculino,"Computer Science",276,499
2004,Muslim,"Não Informado","Computer Science",14,27
2004,WestEuropean,Feminino,"Computer Science",221,463
2004,WestEuropean,Masculino,"Computer Science",1234,2495
2004,WestEuropean,"Não Informado","Computer Science",28,52
2005,Africans,Feminino,"Computer Science",45,62
2005,Africans,Masculino,"Computer Science",196,329
2005,Africans,"Não Informado","Computer Science",12,19
2005,British,Feminino,"Computer Science",425,561
2005,British,Masculino,"Computer Science",2018,2796
2005,British,"Não Informado","Computer Science",79,109
2005,EastEuropean,Feminino,"Computer Science",128,176
2005,EastEuropean,Masculino,"Computer Science",506,889
2005,EastEuropean,"Não Informado","Computer Science",1,4
2005,GreaterEastAsian,Feminino,"Computer Science",815,1127
2005,GreaterEastAsian,Masculino,"Computer Science",1868,2763
2005,GreaterEastAsian,"Não Informado","Computer Science",547,824
2005,IndianSubContinent,Feminino,"Computer Science",195,268
2005,IndianSubContinent,Masculino,"Computer Science",1118,1535
2005,IndianSubContinent,"Não Informado","Computer Science",141,190
2005,Jewish,Feminino,"Computer Science",211,321
2005,Jewish,Masculino,"Computer Science",1211,1872
2005,Jewish,"Não Informado","Computer Science",20,33
2005,Muslim,Feminino,"Computer Science",94,139
2005,Muslim,Masculino,"Computer Science",432,639
2005,Muslim,"Não Informado","Computer Science",25,35
2005,WestEuropean,Feminino,"Computer Science",368,612
2005,WestEuropean,Masculino,"Computer Science",1950,3156
2005,WestEuropean,"Não Informado","Computer Science",47,65
2006,Africans,Feminino,"Computer Science",57,79
2006,Africans,Masculino,"Computer Science",194,351
2006,Africans,"Não Informado","Computer Science",16,21
2006,British,Feminino,"Computer Science",433,567
2006,British,Masculino,"Computer Science",2002,2760
2006,British,"Não Informado","Computer Science",87,118
2006,EastEuropean,Feminino,"Computer Science",113,160
2006,EastEuropean,Masculino,"Computer Science",480,848
2006,EastEuropean,"Não Informado","Computer Science",6,12
2006,GreaterEastAsian,Feminino,"Computer Science",846,1152
2006,GreaterEastAsian,Masculino,"Computer Science",1904,2604
2006,GreaterEastAsian,"Não Informado","Computer Science",613,858
2006,IndianSubContinent,Feminino,"Computer Science",211,283
2006,IndianSubContinent,Masculino,"Computer Science",1058,1556
2006,IndianSubContinent,"Não Informado","Computer Science",135,199
2006,Jewish,Feminino,"Computer Science",252,374
2006,Jewish,Masculino,"Computer Science",1222,1917
2006,Jewish,"Não Informado","Computer Science",26,35
2006,Muslim,Feminino,"Computer Science",105,164
2006,Muslim,Masculino,"Computer Science",441,686
2006,Muslim,"Não Informado","Computer Science",23,35
2006,WestEuropean,Feminino,"Computer Science",366,641
2006,WestEuropean,Masculino,"Computer Science",1713,3043
2006,WestEuropean,"Não Informado","Computer Science",47,74
2007,Africans,Feminino,"Computer Science",65,93
2007,Africans,Masculino,"Computer Science",260,419
2007,Africans,"Não Informado","Computer Science",17,26
2007,British,Feminino,"Computer Science",421,534
2007,British,Masculino,"Computer Science",2258,3107
2007,British,"Não Informado","Computer Science",94,119
2007,EastEuropean,Feminino,"Computer Science",134,202
2007,EastEuropean,Masculino,"Computer Science",536,880
2007,EastEuropean,"Não Informado","Computer Science",11,18
2007,GreaterEastAsian,Feminino,"Computer Science",1119,1429
2007,GreaterEastAsian,Masculino,"Computer Science",2335,3117
2007,GreaterEastAsian,"Não Informado","Computer Science",747,1013
2007,IndianSubContinent,Feminino,"Computer Science",241,301
2007,IndianSubContinent,Masculino,"Computer Science",1344,1858
2007,IndianSubContinent,"Não Informado","Computer Science",177,252
2007,Jewish,Feminino,"Computer Science",248,366
2007,Jewish,Masculino,"Computer Science",1455,2143
2007,Jewish,"Não Informado","Computer Science",25,35
2007,Muslim,Feminino,"Computer Science",95,156
2007,Muslim,Masculino,"Computer Science",603,869
2007,Muslim,"Não Informado","Computer Science",20,41
2007,WestEuropean,Feminino,"Computer Science",465,738
2007,WestEuropean,Masculino,"Computer Science",2409,3895
2007,WestEuropean,"Não Informado","Computer Science",61,89
2008,Africans,Feminino,"Computer Science",67,84
2008,Africans,Masculino,"Computer Science",230,399
2008,Africans,"Não Informado","Computer Science",22,28
2008,British,Feminino,"Computer Science",446,573
2008,British,Masculino,"Computer Science",2196,3031
2008,British,"Não Informado","Computer Science",79,102
2008,EastEuropean,Feminino,"Computer Science",126,194
2008,EastEuropean,Masculino,"Computer Science",547,977
2008,EastEuropean,"Não Informado","Computer Science",8,18
2008,GreaterEastAsian,Feminino,"Computer Science",1131,1445
2008,GreaterEastAsian,Masculino,"Computer Science",2354,3122
2008,GreaterEastAsian,"Não Informado","Computer Science",724,918
2008,IndianSubContinent,Feminino,"Computer Science",254,358
2008,IndianSubContinent,Masculino,"Computer Science",1344,1956
2008,IndianSubContinent,"Não Informado","Computer Science",148,214
2008,Jewish,Feminino,"Computer Science",243,371
2008,Jewish,Masculino,"Computer Science",1367,2128
2008,Jewish,"Não Informado","Computer Science",30,40
2008,Muslim,Feminino,"Computer Science",137,197
2008,Muslim,Masculino,"Computer Science",560,863
2008,Muslim,"Não Informado","Computer Science",21,41
2008,WestEuropean,Feminino,"Computer Science",413,731
2008,WestEuropean,Masculino,"Computer Science",2201,3765
2008,WestEuropean,"Não Informado","Computer Science",41,78
2009,Africans,Feminino,"Computer Science",69,89
2009,Africans,Masculino,"Computer Science",247,392
2009,Africans,"Não Informado","Computer Science",11,24
2009,British,Feminino,"Computer Science",428,554
2009,British,Masculino,"Computer Science",2167,3011
2009,British,"Não Informado","Computer Science",71,92
2009,EastEuropean,Feminino,"Computer Science",163,213
2009,EastEuropean,Masculino,"Computer Science",578,969
2009,EastEuropean,"Não Informado","Computer Science",11,15
2009,GreaterEastAsian,Feminino,"Computer Science",1342,1707
2009,GreaterEastAsian,Masculino,"Computer Science",2871,3733
2009,GreaterEastAsian,"Não Informado","Computer Science",979,1211
2009,IndianSubContinent,Feminino,"Computer Science",266,355
2009,IndianSubContinent,Masculino,"Computer Science",1403,1919
2009,IndianSubContinent,"Não Informado","Computer Science",148,202
2009,Jewish,Feminino,"Computer Science",260,376
2009,Jewish,Masculino,"Computer Science",1351,2039
2009,Jewish,"Não Informado","Computer Science",28,34
2009,Muslim,Feminino,"Computer Science",127,194
2009,Muslim,Masculino,"Computer Science",528,814
2009,Muslim,"Não Informado","Computer Science",30,40
2009,WestEuropean,Feminino,"Computer Science",469,741
2009,WestEuropean,Masculino,"Computer Science",2403,3888
2009,WestEuropean,"Não Informado","Computer Science",48,78
2010,Africans,Feminino,"Computer Science",61,91
2010,Africans,Masculino,"Computer Science",232,388
2010,Africans,"Não Informado","Computer Science",20,28
2010,British,Feminino,"Computer Science",499,630
2010,British,Masculino,"Computer Science",2225,3043
2010,British,"Não Informado","Computer Science",96,110
2010,EastEuropean,Feminino,"Computer Science",149,236
2010,EastEuropean,Masculino,"Computer Science",620,1110
2010,EastEuropean,"Não Informado","Computer Science",8,12
2010,GreaterEastAsian,Feminino,"Computer Science",1428,1794
2010,GreaterEastAsian,Masculino,"Computer Science",2805,3642
2010,GreaterEastAsian,"Não Informado","Computer Science",822,1030
2010,IndianSubContinent,Feminino,"Computer Science",269,346
2010,IndianSubContinent,Masculino,"Computer Science",1426,1973
2010,IndianSubContinent,"Não Informado","Computer Science",132,189
2010,Jewish,Feminino,"Computer Science",270,403
2010,Jewish,Masculino,"Computer Science",1380,2144
2010,Jewish,"Não Informado","Computer Science",24,36
2010,Muslim,Feminino,"Computer Science",158,243
2010,Muslim,Masculino,"Computer Science",587,899
2010,Muslim,"Não Informado","Computer Science",24,40
2010,WestEuropean,Feminino,"Computer Science",503,800
2010,WestEuropean,Masculino,"Computer Science",2399,3991
2010,WestEuropean,"Não Informado","Computer Science",53,77
2011,Africans,Feminino,"Computer Science",76,110
2011,Africans,Masculino,"Computer Science",312,438
2011,Africans,"Não Informado","Computer Science",24,35
2011,British,Feminino,"Computer Science",619,767
2011,British,Masculino,"Computer Science",2861,3688
2011,British,"Não Informado","Computer Science",87,110
2011,EastEuropean,Feminino,"Computer Science",175,248
2011,EastEuropean,Masculino,"Computer Science",757,1190
2011,EastEuropean,"Não Informado","Computer Science",9,13
2011,GreaterEastAsian,Feminino,"Computer Science",1739,2113
2011,GreaterEastAsian,Masculino,"Computer Science",3658,4418
2011,GreaterEastAsian,"Não Informado","Computer Science",1119,1351
2011,IndianSubContinent,Feminino,"Computer Science",370,475
2011,IndianSubContinent,Masculino,"Computer Science",1728,2231
2011,IndianSubContinent,"Não Informado","Computer Science",187,241
2011,Jewish,Feminino,"Computer Science",344,473
2011,Jewish,Masculino,"Computer Science",1678,2360
2011,Jewish,"Não Informado","Computer Science",24,32
2011,Muslim,Feminino,"Computer Science",170,240
2011,Muslim,Masculino,"Computer Science",742,1063
2011,Muslim,"Não Informado","Computer Science",23,33
2011,WestEuropean,Feminino,"Computer Science",679,985
2011,WestEuropean,Masculino,"Computer Science",3084,4595
2011,WestEuropean,"Não Informado","Computer Science",62,97
2012,Africans,Feminino,"Computer Science",88,124
2012,Africans,Masculino,"Computer Science",329,487
2012,Africans,"Não Informado","Computer Science",29,46
2012,British,Feminino,"Computer Science",580,698
2012,British,Masculino,"Computer Science",2591,3421
2012,British,"Não Informado","Computer Science",78,95
2012,EastEuropean,Feminino,"Computer Science",159,246
2012,EastEuropean,Masculino,"Computer Science",700,1169
2012,EastEuropean,"Não Informado","Computer Science",6,7
2012,GreaterEastAsian,Feminino,"Computer Science",1873,2212
2012,GreaterEastAsian,Masculino,"Computer Science",3638,4502
2012,GreaterEastAsian,"Não Informado","Computer Science",1103,1338
2012,IndianSubContinent,Feminino,"Computer Science",305,411
2012,IndianSubContinent,Masculino,"Computer Science",1559,2094
2012,IndianSubContinent,"Não Informado","Computer Science",159,203
2012,Jewish,Feminino,"Computer Science",337,441
2012,Jewish,Masculino,"Computer Science",1493,2202
2012,Jewish,"Não Informado","Computer Science",28,37
2012,Muslim,Feminino,"Computer Science",182,259
2012,Muslim,Masculino,"Computer Science",705,1056
2012,Muslim,"Não Informado","Computer Science",33,43
2012,WestEuropean,Feminino,"Computer Science",718,1015
2012,WestEuropean,Masculino,"Computer Science",3053,4649
2012,WestEuropean,"Não Informado","Computer Science",67,102
2013,Africans,Feminino,"Computer Science",96,130
2013,Africans,Masculino,"Computer Science",402,534
2013,Africans,"Não Informado","Computer Science",29,39
2013,British,Feminino,"Computer Science",735,873
2013,British,Masculino,"Computer Science",3334,4224
2013,British,"Não Informado","Computer Science",75,97
2013,EastEuropean,Feminino,"Computer Science",246,320
2013,EastEuropean,Masculino,"Computer Science",917,1455
2013,EastEuropean,"Não Informado","Computer Science",15,15
2013,GreaterEastAsian,Feminino,"Computer Science",2511,2929
2013,GreaterEastAsian,Masculino,"Computer Science",4769,5718
2013,GreaterEastAsian,"Não Informado","Computer Science",1468,1707
2013,IndianSubContinent,Feminino,"Computer Science",437,563
2013,IndianSubContinent,Masculino,"Computer Science",1954,2509
2013,IndianSubContinent,"Não Informado","Computer Science",161,231
2013,Jewish,Feminino,"Computer Science",430,541
2013,Jewish,Masculino,"Computer Science",1993,2787
2013,Jewish,"Não Informado","Computer Science",25,36
2013,Muslim,Feminino,"Computer Science",236,334
2013,Muslim,Masculino,"Computer Science",1004,1351
2013,Muslim,"Não Informado","Computer Science",60,74
2013,WestEuropean,Feminino,"Computer Science",955,1226
2013,WestEuropean,Masculino,"Computer Science",4001,5626
2013,WestEuropean,"Não Informado","Computer Science",67,104
2014,Africans,Feminino,"Computer Science",90,128
2014,Africans,Masculino,"Computer Science",363,538
2014,Africans,"Não Informado","Computer Science",31,48
2014,British,Feminino,"Computer Science",713,854
2014,British,Masculino,"Computer Science",2987,3863
2014,British,"Não Informado","Computer Science",77,100
2014,EastEuropean,Feminino,"Computer Science",226,308
2014,EastEuropean,Masculino,"Computer Science",808,1312
2014,EastEuropean,"Não Informado","Computer Science",10,12
2014,GreaterEastAsian,Feminino,"Computer Science",2395,2837
2014,GreaterEastAsian,Masculino,"Computer Science",4506,5533
2014,GreaterEastAsian,"Não Informado","Computer Science",1419,1650
2014,IndianSubContinent,Feminino,"Computer Science",366,510
2014,IndianSubContinent,Masculino,"Computer Science",1848,2508
2014,IndianSubContinent,"Não Informado","Computer Science",174,228
2014,Jewish,Feminino,"Computer Science",379,513
2014,Jewish,Masculino,"Computer Science",1709,2468
2014,Jewish,"Não Informado","Computer Science",15,27
2014,Muslim,Feminino,"Computer Science",234,335
2014,Muslim,Masculino,"Computer Science",936,1310
2014,Muslim,"Não Informado","Computer Science",36,54
2014,WestEuropean,Feminino,"Computer Science",738,1075
2014,WestEuropean,Masculino,"Computer Science",3320,5150
2014,WestEuropean,"Não Informado","Computer Science",54,83
2015,Africans,Feminino,"Computer Science",118,171
2015,Africans,Masculino,"Computer Science",473,649
2015,Africans,"Não Informado","Computer Science",46,58
2015,British,Feminino,"Computer Science",746,879
2015,British,Masculino,"Computer Science",3554,4412
2015,British,"Não Informado","Computer Science",82,96
2015,EastEuropean,Feminino,"Computer Science",287,359
2015,EastEuropean,Masculino,"Computer Science",1169,1723
2015,EastEuropean,"Não Informado","Computer Science",9,10
2015,GreaterEastAsian,Feminino,"Computer Science",2908,3397
2015,GreaterEastAsian,Masculino,"Computer Science",5979,7079
2015,GreaterEastAsian,"Não Informado","Computer Science",1707,1957
2015,IndianSubContinent,Feminino,"Computer Science",407,545
2015,IndianSubContinent,Masculino,"Computer Science",2129,2735
2015,IndianSubContinent,"Não Informado","Computer Science",196,255
2015,Jewish,Feminino,"Computer Science",436,576
2015,Jewish,Masculino,"Computer Science",2093,2912
2015,Jewish,"Não Informado","Computer Science",22,32
2015,Muslim,Feminino,"Computer Science",260,366
2015,Muslim,Masculino,"Computer Science",1085,1526
2015,Muslim,"Não Informado","Computer Science",41,52
2015,WestEuropean,Feminino,"Computer Science",1047,1393
2015,WestEuropean,Masculino,"Computer Science",4619,6368
2015,WestEuropean,"Não Informado","Computer Science",74,113
2016,Africans,Feminino,"Computer Science",127,164
2016,Africans,Masculino,"Computer Science",471,606
2016,Africans,"Não Informado","Computer Science",40,53
2016,British,Feminino,"Computer Science",839,939
2016,British,Masculino,"Computer Science",3297,4016
2016,British,"Não Informado","Computer Science",100,112
2016,EastEuropean,Feminino,"Computer Science",292,374
2016,EastEuropean,Masculino,"Computer Science",962,1437
2016,EastEuropean,"Não Informado","Computer Science",15,18
2016,GreaterEastAsian,Feminino,"Computer Science",2958,3485
2016,GreaterEastAsian,Masculino,"Computer Science",5810,6957
2016,GreaterEastAsian,"Não Informado","Computer Science",1621,1896
2016,IndianSubContinent,Feminino,"Computer Science",476,600
2016,IndianSubContinent,Masculino,"Computer Science",2092,2599
2016,IndianSubContinent,"Não Informado","Computer Science",201,258
2016,Jewish,Feminino,"Computer Science",433,545
2016,Jewish,Masculino,"Computer Science",1837,2554
2016,Jewish,"Não Informado","Computer Science",29,41
2016,Muslim,Feminino,"Computer Science",302,380
2016,Muslim,Masculino,"Computer Science",1086,1448
2016,Muslim,"Não Informado","Computer Science",27,44
2016,WestEuropean,Feminino,"Computer Science",927,1226
2016,WestEuropean,Masculino,"Computer Science",3953,5504
2016,WestEuropean,"Não Informado","Computer Science",83,107
2000,Africans,Feminino,"Data Engineering",4,23
2000,Africans,Masculino,"Data Engineering",32,168
2000,Africans,"Não Informado","Data Engineering",1,6
2000,British,Feminino,"Data Engineering",35,323
2000,British,Masculino,"Data Engineering",188,1605
2000,British,"Não Informado","Data Engineering",9,77
2000,EastEuropean,Feminino,"Data Engineering",12,72
2000,EastEuropean,Masculino,"Data Engineering",74,389
2000,EastEuropean,"Não Informado","Data Engineering",3,6
2000,GreaterEastAsian,Feminino,"Data Engineering",51,287
2000,GreaterEastAsian,Masculino,"Data Engineering",170,876
2000,GreaterEastAsian,"Não Informado","Data Engineering",87,294
2000,IndianSubContinent,Feminino,"Data Engineering",16,110
2000,IndianSubContinent,Masculino,"Data Engineering",155,762
2000,IndianSubContinent,"Não Informado","Data Engineering",23,117
2000,Jewish,Feminino,"Data Engineering",34,204
2000,Jewish,Masculino,"Data Engineering",138,1089
2000,Jewish,"Não Informado","Data Engineering",3,13
2000,Muslim,Feminino,"Data Engineering",13,41
2000,Muslim,Masculino,"Data Engineering",82,284
2000,Muslim,"Não Informado","Data Engineering",5,20
2000,WestEuropean,Feminino,"Data Engineering",55,326
2000,WestEuropean,Masculino,"Data Engineering",312,1699
2000,WestEuropean,"Não Informado","Data Engineering",4,34
2001,Africans,Feminino,"Data Engineering",1,19
2001,Africans,Masculino,"Data Engineering",51,210
2001,Africans,"Não Informado","Data Engineering",1,14
2001,British,Feminino,"Data Engineering",54,380
2001,British,Masculino,"Data Engineering",215,1679
2001,British,"Não Informado","Data Engineering",15,78
2001,EastEuropean,Feminino,"Data Engineering",12,91
2001,EastEuropean,Masculino,"Data Engineering",75,472
2001,EastEuropean,"Não Informado","Data Engineering",1,5
2001,GreaterEastAsian,Feminino,"Data Engineering",97,371
2001,GreaterEastAsian,Masculino,"Data Engineering",282,1149
2001,GreaterEastAsian,"Não Informado","Data Engineering",157,431
2001,IndianSubContinent,Feminino,"Data Engineering",40,148
2001,IndianSubContinent,Masculino,"Data Engineering",205,847
2001,IndianSubContinent,"Não Informado","Data Engineering",23,107
2001,Jewish,Feminino,"Data Engineering",28,206
2001,Jewish,Masculino,"Data Engineering",193,1241
2001,Jewish,"Não Informado","Data Engineering",3,12
2001,Muslim,Feminino,"Data Engineering",13,65
2001,Muslim,Masculino,"Data Engineering",82,343
2001,Muslim,"Não Informado","Data Engineering",6,18
2001,WestEuropean,Feminino,"Data Engineering",72,382
2001,WestEuropean,Masculino,"Data Engineering",327,1926
2001,WestEuropean,"Não Informado","Data Engineering",12,48
2002,Africans,Feminino,"Data Engineering",10,28
2002,Africans,Masculino,"Data Engineering",48,190
2002,Africans,"Não Informado","Data Engineering",0,10
2002,British,Feminino,"Data Engineering",57,341
2002,British,Masculino,"Data Engineering",316,1748
2002,British,"Não Informado","Data Engineering",30,90
2002,EastEuropean,Feminino,"Data Engineering",17,95
2002,EastEuropean,Masculino,"Data Engineering",124,519
2002,EastEuropean,"Não Informado","Data Engineering",5,10
2002,GreaterEastAsian,Feminino,"Data Engineering",140,409
2002,GreaterEastAsian,Masculino,"Data Engineering",366,1128
2002,GreaterEastAsian,"Não Informado","Data Engineering",141,360
2002,IndianSubContinent,Feminino,"Data Engineering",57,164
2002,IndianSubContinent,Masculino,"Data Engineering",290,946
2002,IndianSubContinent,"Não Informado","Data Engineering",43,123
2002,Jewish,Feminino,"Data Engineering",36,239
2002,Jewish,Masculino,"Data Engineering",245,1239
2002,Jewish,"Não Informado","Data Engineering",10,23
2002,Muslim,Feminino,"Data Engineering",19,65
2002,Muslim,Masculino,"Data Engineering",104,373
2002,Muslim,"Não Informado","Data Engineering",6,15
2002,WestEuropean,Feminino,"Data Engineering",103,385
2002,WestEuropean,Masculino,"Data Engineering",498,1949
2002,WestEuropean,"Não Informado","Data Engineering",12,38
2003,Africans,Feminino,"Data Engineering",13,47
2003,Africans,Masculino,"Data Engineering",35,222
2003,Africans,"Não Informado","Data Engineering",0,6
2003,British,Feminino,"Data Engineering",50,389
2003,British,Masculino,"Data Engineering",248,2015
2003,British,"Não Informado","Data Engineering",10,85
2003,EastEuropean,Feminino,"Data Engineering",26,136
2003,EastEuropean,Masculino,"Data Engineering",86,612
2003,EastEuropean,"Não Informado","Data Engineering",0,10
2003,GreaterEastAsian,Feminino,"Data Engineering",148,625
2003,GreaterEastAsian,Masculino,"Data Engineering",275,1644
2003,GreaterEastAsian,"Não Informado","Data Engineering",112,529
2003,IndianSubContinent,Feminino,"Data Engineering",34,205
2003,IndianSubContinent,Masculino,"Data Engineering",256,1188
2003,IndianSubContinent,"Não Informado","Data Engineering",42,153
2003,Jewish,Feminino,"Data Engineering",36,252
2003,Jewish,Masculino,"Data Engineering",160,1400
2003,Jewish,"Não Informado","Data Engineering",2,18
2003,Muslim,Feminino,"Data Engineering",13,95
2003,Muslim,Masculino,"Data Engineering",69,429
2003,Muslim,"Não Informado","Data Engineering",6,26
2003,WestEuropean,Feminino,"Data Engineering",84,462
2003,WestEuropean,Masculino,"Data Engineering",359,2262
2003,WestEuropean,"Não Informado","Data Engineering",5,46
2004,Africans,Feminino,"Data Engineering",12,46
2004,Africans,Masculino,"Data Engineering",67,267
2004,Africans,"Não Informado","Data Engineering",4,14
2004,British,Feminino,"Data Engineering",65,449
2004,British,Masculino,"Data Engineering",365,2229
2004,British,"Não Informado","Data Engineering",12,77
2004,EastEuropean,Feminino,"Data Engineering",23,126
2004,EastEuropean,Masculino,"Data Engineering",116,677
2004,EastEuropean,"Não Informado","Data Engineering",1,6
2004,GreaterEastAsian,Feminino,"Data Engineering",280,856
2004,GreaterEastAsian,Masculino,"Data Engineering",555,1880
2004,GreaterEastAsian,"Não Informado","Data Engineering",201,637
2004,IndianSubContinent,Feminino,"Data Engineering",39,208
2004,IndianSubContinent,Masculino,"Data Engineering",395,1387
2004,IndianSubContinent,"Não Informado","Data Engineering",44,156
2004,Jewish,Feminino,"Data Engineering",57,263
2004,Jewish,Masculino,"Data Engineering",274,1539
2004,Jewish,"Não Informado","Data Engineering",2,14
2004,Muslim,Feminino,"Data Engineering",31,114
2004,Muslim,Masculino,"Data Engineering",152,499
2004,Muslim,"Não Informado","Data Engineering",12,27
2004,WestEuropean,Feminino,"Data Engineering",108,463
2004,WestEuropean,Masculino,"Data Engineering",554,2495
2004,WestEuropean,"Não Informado","Data Engineering",18,52
2005,Africans,Feminino,"Data Engineering",15,62
2005,Africans,Masculino,"Data Engineering",76,329
2005,Africans,"Não Informado","Data Engineering",7,19
2005,British,Feminino,"Data Engineering",73,561
2005,British,Masculino,"Data Engineering",343,2796
2005,British,"Não Informado","Data Engineering",19,109
2005,EastEuropean,Feminino,"Data Engineering",23,176
2005,EastEuropean,Masculino,"Data Engineering",134,889
2005,EastEuropean,"Não Informado","Data Engineering",1,4
2005,GreaterEastAsian,Feminino,"Data Engineering",317,1127
2005,GreaterEastAsian,Masculino,"Data Engineering",759,2763
2005,GreaterEastAsian,"Não Informado","Data Engineering",238,824
2005,IndianSubContinent,Feminino,"Data Engineering",51,268
2005,IndianSubContinent,Masculino,"Data Engineering",332,1535
2005,IndianSubContinent,"Não Informado","Data Engineering",51,190
2005,Jewish,Feminino,"Data Engineering",59,321
2005,Jewish,Masculino,"Data Engineering",272,1872
2005,Jewish,"Não Informado","Data Engineering",5,33
2005,Muslim,Feminino,"Data Engineering",23,139
2005,Muslim,Masculino,"Data Engineering",128,639
2005,Muslim,"Não Informado","Data Engineering",16,35
2005,WestEuropean,Feminino,"Data Engineering",109,612
2005,WestEuropean,Masculino,"Data Engineering",516,3156
2005,WestEuropean,"Não Informado","Data Engineering",11,65
2006,Africans,Feminino,"Data Engineering",16,79
2006,Africans,Masculino,"Data Engineering",79,351
2006,Africans,"Não Informado","Data Engineering",2,21
2006,British,Feminino,"Data Engineering",84,567
2006,British,Masculino,"Data Engineering",367,2760
2006,British,"Não Informado","Data Engineering",18,118
2006,EastEuropean,Feminino,"Data Engineering",18,160
2006,EastEuropean,Masculino,"Data Engineering",148,848
2006,EastEuropean,"Não Informado","Data Engineering",3,12
2006,GreaterEastAsian,Feminino,"Data Engineering",325,1152
2006,GreaterEastAsian,Masculino,"Data Engineering",582,2604
2006,GreaterEastAsian,"Não Informado","Data Engineering",241,858
2006,IndianSubContinent,Feminino,"Data Engineering",57,283
2006,IndianSubContinent,Masculino,"Data Engineering",407,1556
2006,IndianSubContinent,"Não Informado","Data Engineering",57,199
2006,Jewish,Feminino,"Data Engineering",57,374
2006,Jewish,Masculino,"Data Engineering",301,1917
2006,Jewish,"Não Informado","Data Engineering",4,35
2006,Muslim,Feminino,"Data Engineering",30,164
2006,Muslim,Masculino,"Data Engineering",146,686
2006,Muslim,"Não Informado","Data Engineering",11,35
2006,WestEuropean,Feminino,"Data Engineering",121,641
2006,WestEuropean,Masculino,"Data Engineering",578,3043
2006,WestEuropean,"Não Informado","Data Engineering",18,74
2007,Africans,Feminino,"Data Engineering",27,93
2007,Africans,Masculino,"Data Engineering",107,419
2007,Africans,"Não Informado","Data Engineering",5,26
2007,British,Feminino,"Data Engineering",69,534
2007,British,Masculino,"Data Engineering",380,3107
2007,British,"Não Informado","Data Engineering",15,119
2007,EastEuropean,Feminino,"Data Engineering",34,202
2007,EastEuropean,Masculino,"Data Engineering",130,880
2007,EastEuropean,"Não Informado","Data Engineering",9,18
2007,GreaterEastAsian,Feminino,"Data Engineering",361,1429
2007,GreaterEastAsian,Masculino,"Data Engineering",686,3117
2007,GreaterEastAsian,"Não Informado","Data Engineering",260,1013
2007,IndianSubContinent,Feminino,"Data Engineering",41,301
2007,IndianSubContinent,Masculino,"Data Engineering",370,1858
2007,IndianSubContinent,"Não Informado","Data Engineering",60,252
2007,Jewish,Feminino,"Data Engineering",66,366
2007,Jewish,Masculino,"Data Engineering",273,2143
2007,Jewish,"Não Informado","Data Engineering",3,35
2007,Muslim,Feminino,"Data Engineering",28,156
2007,Muslim,Masculino,"Data Engineering",167,869
2007,Muslim,"Não Informado","Data Engineering",20,41
2007,WestEuropean,Feminino,"Data Engineering",153,738
2007,WestEuropean,Masculino,"Data Engineering",707,3895
2007,WestEuropean,"Não Informado","Data Engineering",20,89
2008,Africans,Feminino,"Data Engineering",16,84
2008,Africans,Masculino,"Data Engineering",96,399
2008,Africans,"Não Informado","Data Engineering",6,28
2008,British,Feminino,"Data Engineering",90,573
2008,British,Masculino,"Data Engineering",421,3031
2008,British,"Não Informado","Data Engineering",18,102
2008,EastEuropean,Feminino,"Data Engineering",44,194
2008,EastEuropean,Masculino,"Data Engineering",172,977
2008,EastEuropean,"Não Informado","Data Engineering",7,18
2008,GreaterEastAsian,Feminino,"Data Engineering",338,1445
2008,GreaterEastAsian,Masculino,"Data Engineering",727,3122
2008,GreaterEastAsian,"Não Informado","Data Engineering",199,918
2008,IndianSubContinent,Feminino,"Data Engineering",74,358
2008,IndianSubContinent,Masculino,"Data Engineering",446,1956
2008,IndianSubContinent,"Não Informado","Data Engineering",50,214
2008,Jewish,Feminino,"Data Engineering",64,371
2008,Jewish,Masculino,"Data Engineering",310,2128
2008,Jewish,"Não Informado","Data Engineering",4,40
2008,Muslim,Feminino,"Data Engineering",53,197
2008,Muslim,Masculino,"Data Engineering",210,863
2008,Muslim,"Não Informado","Data Engineering",17,41
2008,WestEuropean,Feminino,"Data Engineering",174,731
2008,WestEuropean,Masculino,"Data Engineering",740,3765
2008,WestEuropean,"Não Informado","Data Engineering",21,78
2009,Africans,Feminino,"Data Engineering",21,89
2009,Africans,Masculino,"Data Engineering",102,392
2009,Africans,"Não Informado","Data Engineering",6,24
2009,British,Feminino,"Data Engineering",62,554
2009,British,Masculino,"Data Engineering",362,3011
2009,British,"Não Informado","Data Engineering",19,92
2009,EastEuropean,Feminino,"Data Engineering",27,213
2009,EastEuropean,Masculino,"Data Engineering",142,969
2009,EastEuropean,"Não Informado","Data Engineering",3,15
2009,GreaterEastAsian,Feminino,"Data Engineering",495,1707
2009,GreaterEastAsian,Masculino,"Data Engineering",929,3733
2009,GreaterEastAsian,"Não Informado","Data Engineering",290,1211
2009,IndianSubContinent,Feminino,"Data Engineering",83,355
2009,IndianSubContinent,Masculino,"Data Engineering",386,1919
2009,IndianSubContinent,"Não Informado","Data Engineering",32,202
2009,Jewish,Feminino,"Data Engineering",61,376
2009,Jewish,Masculino,"Data Engineering",264,2039
2009,Jewish,"Não Informado","Data Engineering",6,34
2009,Muslim,Feminino,"Data Engineering",44,194
2009,Muslim,Masculino,"Data Engineering",154,814
2009,Muslim,"Não Informado","Data Engineering",9,40
2009,WestEuropean,Feminino,"Data Engineering",119,741
2009,WestEuropean,Masculino,"Data Engineering",634,3888
2009,WestEuropean,"Não Informado","Data Engineering",15,78
2010,Africans,Feminino,"Data Engineering",19,91
2010,Africans,Masculino,"Data Engineering",78,388
2010,Africans,"Não Informado","Data Engineering",4,28
2010,British,Feminino,"Data Engineering",89,630
2010,British,Masculino,"Data Engineering",405,3043
2010,British,"Não Informado","Data Engineering",14,110
2010,EastEuropean,Feminino,"Data Engineering",44,236
2010,EastEuropean,Masculino,"Data Engineering",205,1110
2010,EastEuropean,"Não Informado","Data Engineering",5,12
2010,GreaterEastAsian,Feminino,"Data Engineering",481,1794
2010,GreaterEastAsian,Masculino,"Data Engineering",899,3642
2010,GreaterEastAsian,"Não Informado","Data Engineering",234,1030
2010,IndianSubContinent,Feminino,"Data Engineering",54,346
2010,IndianSubContinent,Masculino,"Data Engineering",400,1973
2010,IndianSubContinent,"Não Informado","Data Engineering",41,189
2010,Jewish,Feminino,"Data Engineering",62,403
2010,Jewish,Masculino,"Data Engineering",344,2144
2010,Jewish,"Não Informado","Data Engineering",2,36
2010,Muslim,Feminino,"Data Engineering",54,243
2010,Muslim,Masculino,"Data Engineering",186,899
2010,Muslim,"Não Informado","Data Engineering",8,40
2010,WestEuropean,Feminino,"Data Engineering",131,800
2010,WestEuropean,Masculino,"Data Engineering",723,3991
2010,WestEuropean,"Não Informado","Data Engineering",14,77
2011,Africans,Feminino,"Data Engineering",22,110
2011,Africans,Masculino,"Data Engineering",85,438
2011,Africans,"Não Informado","Data Engineering",9,35
2011,British,Feminino,"Data Engineering",83,767
2011,British,Masculino,"Data Engineering",408,3688
2011,British,"Não Informado","Data Engineering",16,110
2011,EastEuropean,Feminino,"Data Engineering",53,248
2011,EastEuropean,Masculino,"Data Engineering",192,1190
2011,EastEuropean,"Não Informado","Data Engineering",5,13
2011,GreaterEastAsian,Feminino,"Data Engineering",472,2113
2011,GreaterEastAsian,Masculino,"Data Engineering",883,4418
2011,GreaterEastAsian,"Não Informado","Data Engineering",251,1351
2011,IndianSubContinent,Feminino,"Data Engineering",80,475
2011,IndianSubContinent,Masculino,"Data Engineering",371,2231
2011,IndianSubContinent,"Não Informado","Data Engineering",48,241
2011,Jewish,Feminino,"Data Engineering",73,473
2011,Jewish,Masculino,"Data Engineering",288,2360
2011,Jewish,"Não Informado","Data Engineering",2,32
2011,Muslim,Feminino,"Data Engineering",47,240
2011,Muslim,Masculino,"Data Engineering",185,1063
2011,Muslim,"Não Informado","Data Engineering",7,33
2011,WestEuropean,Feminino,"Data Engineering",173,985
2011,WestEuropean,Masculino,"Data Engineering",893,4595
2011,WestEuropean,"Não Informado","Data Engineering",21,97
2012,Africans,Feminino,"Data Engineering",31,124
2012,Africans,Masculino,"Data Engineering",89,487
2012,Africans,"Não Informado","Data Engineering",16,46
2012,British,Feminino,"Data Engineering",76,698
2012,British,Masculino,"Data Engineering",434,3421
2012,British,"Não Informado","Data Engineering",20,95
2012,EastEuropean,Feminino,"Data Engineering",53,246
2012,EastEuropean,Masculino,"Data Engineering",199,1169
2012,EastEuropean,"Não Informado","Data Engineering",2,7
2012,GreaterEastAsian,Feminino,"Data Engineering",513,2212
2012,GreaterEastAsian,Masculino,"Data Engineering",1029,4502
2012,GreaterEastAsian,"Não Informado","Data Engineering",318,1338
2012,IndianSubContinent,Feminino,"Data Engineering",75,411
2012,IndianSubContinent,Masculino,"Data Engineering",401,2094
2012,IndianSubContinent,"Não Informado","Data Engineering",37,203
2012,Jewish,Feminino,"Data Engineering",61,441
2012,Jewish,Masculino,"Data Engineering",295,2202
2012,Jewish,"Não Informado","Data Engineering",5,37
2012,Muslim,Feminino,"Data Engineering",53,259
2012,Muslim,Masculino,"Data Engineering",222,1056
2012,Muslim,"Não Informado","Data Engineering",10,43
2012,WestEuropean,Feminino,"Data Engineering",166,1015
2012,WestEuropean,Masculino,"Data Engineering",841,4649
2012,WestEuropean,"Não Informado","Data Engineering",25,102
2013,Africans,Feminino,"Data Engineering",25,130
2013,Africans,Masculino,"Data Engineering",89,534
2013,Africans,"Não Informado","Data Engineering",5,39
2013,British,Feminino,"Data Engineering",77,873
2013,British,Masculino,"Data Engineering",485,4224
2013,British,"Não Informado","Data Engineering",15,97
2013,EastEuropean,Feminino,"Data Engineering",53,320
2013,EastEuropean,Masculino,"Data Engineering",230,1455
2013,EastEuropean,"Não Informado","Data Engineering",3,15
2013,GreaterEastAsian,Feminino,"Data Engineering",540,2929
2013,GreaterEastAsian,Masculino,"Data Engineering",992,5718
2013,GreaterEastAsian,"Não Informado","Data Engineering",322,1707
2013,IndianSubContinent,Feminino,"Data Engineering",83,563
2013,IndianSubContinent,Masculino,"Data Engineering",402,2509
2013,IndianSubContinent,"Não Informado","Data Engineering",46,231
2013,Jewish,Feminino,"Data Engineering",68,541
2013,Jewish,Masculino,"Data Engineering",375,2787
2013,Jewish,"Não Informado","Data Engineering",4,36
2013,Muslim,Feminino,"Data Engineering",69,334
2013,Muslim,Masculino,"Data Engineering",232,1351
2013,Muslim,"Não Informado","Data Engineering",11,74
2013,WestEuropean,Feminino,"Data Engineering",149,1226
2013,WestEuropean,Masculino,"Data Engineering",806,5626
2013,WestEuropean,"Não Informado","Data Engineering",21,104
2014,Africans,Feminino,"Data Engineering",22,128
2014,Africans,Masculino,"Data Engineering",104,538
2014,Africans,"Não Informado","Data Engineering",12,48
2014,British,Feminino,"Data Engineering",75,854
2014,British,Masculino,"Data Engineering",461,3863
2014,British,"Não Informado","Data Engineering",11,100
2014,EastEuropean,Feminino,"Data Engineering",43,308
2014,EastEuropean,Masculino,"Data Engineering",205,1312
2014,EastEuropean,"Não Informado","Data Engineering",3,12
2014,GreaterEastAsian,Feminino,"Data Engineering",592,2837
2014,GreaterEastAsian,Masculino,"Data Engineering",1053,5533
2014,GreaterEastAsian,"Não Informado","Data Engineering",303,1650
2014,IndianSubContinent,Feminino,"Data Engineering",80,510
2014,IndianSubContinent,Masculino,"Data Engineering",396,2508
2014,IndianSubContinent,"Não Informado","Data Engineering",47,228
2014,Jewish,Feminino,"Data Engineering",72,513
2014,Jewish,Masculino,"Data Engineering",315,2468
2014,Jewish,"Não Informado","Data Engineering",1,27
2014,Muslim,Feminino,"Data Engineering",70,335
2014,Muslim,Masculino,"Data Engineering",230,1310
2014,Muslim,"Não Informado","Data Engineering",19,54
2014,WestEuropean,Feminino,"Data Engineering",162,1075
2014,WestEuropean,Masculino,"Data Engineering",827,5150
2014,WestEuropean,"Não Informado","Data Engineering",20,83
2015,Africans,Feminino,"Data Engineering",36,171
2015,Africans,Masculino,"Data Engineering",113,649
2015,Africans,"Não Informado","Data Engineering",9,58
2015,British,Feminino,"Data Engineering",61,879
2015,British,Masculino,"Data Engineering",401,4412
2015,British,"Não Informado","Data Engineering",9,96
2015,EastEuropean,Feminino,"Data Engineering",50,359
2015,EastEuropean,Masculino,"Data Engineering",205,1723
2015,EastEuropean,"Não Informado","Data Engineering",1,10
2015,GreaterEastAsian,Feminino,"Data Engineering",568,3397
2015,GreaterEastAsian,Masculino,"Data Engineering",1066,7079
2015,GreaterEastAsian,"Não Informado","Data Engineering",271,1957
2015,IndianSubContinent,Feminino,"Data Engineering",72,545
2015,IndianSubContinent,Masculino,"Data Engineering",331,2735
2015,IndianSubContinent,"Não Informado","Data Engineering",35,255
2015,Jewish,Feminino,"Data Engineering",63,576
2015,Jewish,Masculino,"Data Engineering",331,2912
2015,Jewish,"Não Informado","Data Engineering",5,32
2015,Muslim,Feminino,"Data Engineering",80,366
2015,Muslim,Masculino,"Data Engineering",244,1526
2015,Muslim,"Não Informado","Data Engineering",13,52
2015,WestEuropean,Feminino,"Data Engineering",154,1393
2015,WestEuropean,Masculino,"Data Engineering",818,6368
2015,WestEuropean,"Não Informado","Data Engineering",20,113
2016,Africans,Feminino,"Data Engineering",22,164
2016,Africans,Masculino,"Data Engineering",105,606
2016,Africans,"Não Informado","Data Engineering",9,53
2016,British,Feminino,"Data Engineering",57,939
2016,British,Masculino,"Data Engineering",369,4016
2016,British,"Não Informado","Data Engineering",18,112
2016,EastEuropean,Feminino,"Data Engineering",59,374
2016,EastEuropean,Masculino,"Data Engineering",204,1437
2016,EastEuropean,"Não Informado","Data Engineering",3,18
2016,GreaterEastAsian,Feminino,"Data Engineering",670,3485
2016,GreaterEastAsian,Masculino,"Data Engineering",1222,6957
2016,GreaterEastAsian,"Não Informado","Data Engineering",327,1896
2016,IndianSubContinent,Feminino,"Data Engineering",86,600
2016,IndianSubContinent,Masculino,"Data Engineering",397,2599
2016,IndianSubContinent,"Não Informado","Data Engineering",34,258
2016,Jewish,Feminino,"Data Engineering",52,545
2016,Jewish,Masculino,"Data Engineering",280,2554
2016,Jewish,"Não Informado","Data Engineering",3,41
2016,Muslim,Feminino,"Data Engineering",55,380
2016,Muslim,Masculino,"Data Engineering",255,1448
2016,Muslim,"Não Informado","Data Engineering",11,44
2016,WestEuropean,Feminino,"Data Engineering",164,1226
2016,WestEuropean,Masculino,"Data Engineering",810,5504
2016,WestEuropean,"Não Informado","Data Engineering",16,107
2000,Africans,Feminino,"Software Engineering",2,23
2000,Africans,Masculino,"Software Engineering",25,168
2000,Africans,"Não Informado","Software Engineering",0,6
2000,British,Feminino,"Software Engineering",58,323
2000,British,Masculino,"Software Engineering",223,1605
2000,British,"Não Informado","Software Engineering",15,77
2000,EastEuropean,Feminino,"Software Engineering",8,72
2000,EastEuropean,Masculino,"Software Engineering",38,389
2000,EastEuropean,"Não Informado","Software Engineering",1,6
2000,GreaterEastAsian,Feminino,"Software Engineering",11,287
2000,GreaterEastAsian,Masculino,"Software Engineering",42,876
2000,GreaterEastAsian,"Não Informado","Software Engineering",7,294
2000,IndianSubContinent,Feminino,"Software Engineering",11,110
2000,IndianSubContinent,Masculino,"Software Engineering",28,762
2000,IndianSubContinent,"Não Informado","Software Engineering",6,117
2000,Jewish,Feminino,"Software Engineering",11,204
2000,Jewish,Masculino,"Software Engineering",98,1089
2000,Jewish,"Não Informado","Software Engineering",5,13
2000,Muslim,Feminino,"Software Engineering",8,41
2000,Muslim,Masculino,"Software Engineering",28,284
2000,Muslim,"Não Informado","Software Engineering",1,20
2000,WestEuropean,Feminino,"Software Engineering",48,326
2000,WestEuropean,Masculino,"Software Engineering",218,1699
2000,WestEuropean,"Não Informado","Software Engineering",6,34
2001,Africans,Feminino,"Software Engineering",1,19
2001,Africans,Masculino,"Software Engineering",23,210
2001,Africans,"Não Informado","Software Engineering",0,14
2001,British,Feminino,"Software Engineering",58,380
2001,British,Masculino,"Software Engineering",281,1679
2001,British,"Não Informado","Software Engineering",12,78
2001,EastEuropean,Feminino,"Software Engineering",15,91
2001,EastEuropean,Masculino,"Software Engineering",59,472
2001,EastEuropean,"Não Informado","Software Engineering",2,5
2001,GreaterEastAsian,Feminino,"Software Engineering",25,371
2001,GreaterEastAsian,Masculino,"Software Engineering",80,1149
2001,GreaterEastAsian,"Não Informado","Software Engineering",16,431
2001,IndianSubContinent,Feminino,"Software Engineering",13,148
2001,IndianSubContinent,Masculino,"Software Engineering",42,847
2001,IndianSubContinent,"Não Informado","Software Engineering",4,107
2001,Jewish,Feminino,"Software Engineering",12,206
2001,Jewish,Masculino,"Software Engineering",143,1241
2001,Jewish,"Não Informado","Software Engineering",2,12
2001,Muslim,Feminino,"Software Engineering",12,65
2001,Muslim,Masculino,"Software Engineering",32,343
2001,Muslim,"Não Informado","Software Engineering",0,18
2001,WestEuropean,Feminino,"Software Engineering",55,382
2001,WestEuropean,Masculino,"Software Engineering",278,1926
2001,WestEuropean,"Não Informado","Software Engineering",13,48
2002,Africans,Feminino,"Software Engineering",0,28
2002,Africans,Masculino,"Software Engineering",18,190
2002,Africans,"Não Informado","Software Engineering",3,10
2002,British,Feminino,"Software Engineering",41,341
2002,British,Masculino,"Software Engineering",221,1748
2002,British,"Não Informado","Software Engineering",12,90
2002,EastEuropean,Feminino,"Software Engineering",13,95
2002,EastEuropean,Masculino,"Software Engineering",55,519
2002,EastEuropean,"Não Informado","Software Engineering",2,10
2002,GreaterEastAsian,Feminino,"Software Engineering",28,409
2002,GreaterEastAsian,Masculino,"Software Engineering",120,1128
2002,GreaterEastAsian,"Não Informado","Software Engineering",22,360
2002,IndianSubContinent,Feminino,"Software Engineering",11,164
2002,IndianSubContinent,Masculino,"Software Engineering",47,946
2002,IndianSubContinent,"Não Informado","Software Engineering",2,123
2002,Jewish,Feminino,"Software Engineering",18,239
2002,Jewish,Masculino,"Software Engineering",123,1239
2002,Jewish,"Não Informado","Software Engineering",2,23
2002,Muslim,Feminino,"Software Engineering",4,65
2002,Muslim,Masculino,"Software Engineering",56,373
2002,Muslim,"Não Informado","Software Engineering",2,15
2002,WestEuropean,Feminino,"Software Engineering",64,385
2002,WestEuropean,Masculino,"Software Engineering",286,1949
2002,WestEuropean,"Não Informado","Software Engineering",10,38
2003,Africans,Feminino,"Software Engineering",5,47
2003,Africans,Masculino,"Software Engineering",21,222
2003,Africans,"Não Informado","Software Engineering",0,6
2003,British,Feminino,"Software Engineering",54,389
2003,British,Masculino,"Software Engineering",291,2015
2003,British,"Não Informado","Software Engineering",11,85
2003,EastEuropean,Feminino,"Software Engineering",11,136
2003,EastEuropean,Masculino,"Software Engineering",67,612
2003,EastEuropean,"Não Informado","Software Engineering",1,10
2003,GreaterEastAsian,Feminino,"Software Engineering",31,625
2003,GreaterEastAsian,Masculino,"Software Engineering",97,1644
2003,GreaterEastAsian,"Não Informado","Software Engineering",14,529
2003,IndianSubContinent,Feminino,"Software Engineering",18,205
2003,IndianSubContinent,Masculino,"Software Engineering",64,1188
2003,IndianSubContinent,"Não Informado","Software Engineering",8,153
2003,Jewish,Feminino,"Software Engineering",31,252
2003,Jewish,Masculino,"Software Engineering",135,1400
2003,Jewish,"Não Informado","Software Engineering",2,18
2003,Muslim,Feminino,"Software Engineering",14,95
2003,Muslim,Masculino,"Software Engineering",47,429
2003,Muslim,"Não Informado","Software Engineering",4,26
2003,WestEuropean,Feminino,"Software Engineering",65,462
2003,WestEuropean,Masculino,"Software Engineering",296,2262
2003,WestEuropean,"Não Informado","Software Engineering",4,46
2004,Africans,Feminino,"Software Engineering",5,46
2004,Africans,Masculino,"Software Engineering",31,267
2004,Africans,"Não Informado","Software Engineering",0,14
2004,British,Feminino,"Software Engineering",55,449
2004,British,Masculino,"Software Engineering",242,2229
2004,British,"Não Informado","Software Engineering",5,77
2004,EastEuropean,Feminino,"Software Engineering",10,126
2004,EastEuropean,Masculino,"Software Engineering",68,677
2004,EastEuropean,"Não Informado","Software Engineering",1,6
2004,GreaterEastAsian,Feminino,"Software Engineering",56,856
2004,GreaterEastAsian,Masculino,"Software Engineering",119,1880
2004,GreaterEastAsian,"Não Informado","Software Engineering",31,637
2004,IndianSubContinent,Feminino,"Software Engineering",16,208
2004,IndianSubContinent,Masculino,"Software Engineering",83,1387
2004,IndianSubContinent,"Não Informado","Software Engineering",4,156
2004,Jewish,Feminino,"Software Engineering",12,263
2004,Jewish,Masculino,"Software Engineering",118,1539
2004,Jewish,"Não Informado","Software Engineering",0,14
2004,Muslim,Feminino,"Software Engineering",16,114
2004,Muslim,Masculino,"Software Engineering",50,499
2004,Muslim,"Não Informado","Software Engineering",1,27
2004,WestEuropean,Feminino,"Software Engineering",65,463
2004,WestEuropean,Masculino,"Software Engineering",319,2495
2004,WestEuropean,"Não Informado","Software Engineering",6,52
2005,Africans,Feminino,"Software Engineering",3,62
2005,Africans,Masculino,"Software Engineering",38,329
2005,Africans,"Não Informado","Software Engineering",3,19
2005,British,Feminino,"Software Engineering",92,561
2005,British,Masculino,"Software Engineering",338,2796
2005,British,"Não Informado","Software Engineering",14,109
2005,EastEuropean,Feminino,"Software Engineering",17,176
2005,EastEuropean,Masculino,"Software Engineering",103,889
2005,EastEuropean,"Não Informado","Software Engineering",0,4
2005,GreaterEastAsian,Feminino,"Software Engineering",63,1127
2005,GreaterEastAsian,Masculino,"Software Engineering",160,2763
2005,GreaterEastAsian,"Não Informado","Software Engineering",23,824
2005,IndianSubContinent,Feminino,"Software Engineering",20,268
2005,IndianSubContinent,Masculino,"Software Engineering",78,1535
2005,IndianSubContinent,"Não Informado","Software Engineering",3,190
2005,Jewish,Feminino,"Software Engineering",21,321
2005,Jewish,Masculino,"Software Engineering",170,1872
2005,Jewish,"Não Informado","Software Engineering",4,33
2005,Muslim,Feminino,"Software Engineering",16,139
2005,Muslim,Masculino,"Software Engineering",75,639
2005,Muslim,"Não Informado","Software Engineering",2,35
2005,WestEuropean,Feminino,"Software Engineering",79,612
2005,WestEuropean,Masculino,"Software Engineering",376,3156
2005,WestEuropean,"Não Informado","Software Engineering",4,65
2006,Africans,Feminino,"Software Engineering",3,79
2006,Africans,Masculino,"Software Engineering",33,351
2006,Africans,"Não Informado","Software Engineering",1,21
2006,British,Feminino,"Software Engineering",68,567
2006,British,Masculino,"Software Engineering",293,2760
2006,British,"Não Informado","Software Engineering",20,118
2006,EastEuropean,Feminino,"Software Engineering",8,160
2006,EastEuropean,Masculino,"Software Engineering",74,848
2006,EastEuropean,"Não Informado","Software Engineering",2,12
2006,GreaterEastAsian,Feminino,"Software Engineering",87,1152
2006,GreaterEastAsian,Masculino,"Software Engineering",279,2604
2006,GreaterEastAsian,"Não Informado","Software Engineering",56,858
2006,IndianSubContinent,Feminino,"Software Engineering",22,283
2006,IndianSubContinent,Masculino,"Software Engineering",78,1556
2006,IndianSubContinent,"Não Informado","Software Engineering",10,199
2006,Jewish,Feminino,"Software Engineering",21,374
2006,Jewish,Masculino,"Software Engineering",189,1917
2006,Jewish,"Não Informado","Software Engineering",9,35
2006,Muslim,Feminino,"Software Engineering",28,164
2006,Muslim,Masculino,"Software Engineering",61,686
2006,Muslim,"Não Informado","Software Engineering",2,35
2006,WestEuropean,Feminino,"Software Engineering",94,641
2006,WestEuropean,Masculino,"Software Engineering",418,3043
2006,WestEuropean,"Não Informado","Software Engineering",12,74
2007,Africans,Feminino,"Software Engineering",4,93
2007,Africans,Masculino,"Software Engineering",46,419
2007,Africans,"Não Informado","Software Engineering",3,26
2007,British,Feminino,"Software Engineering",64,534
2007,British,Masculino,"Software Engineering",384,3107
2007,British,"Não Informado","Software Engineering",10,119
2007,EastEuropean,Feminino,"Software Engineering",15,202
2007,EastEuropean,Masculino,"Software Engineering",67,880
2007,EastEuropean,"Não Informado","Software Engineering",0,18
2007,GreaterEastAsian,Feminino,"Software Engineering",71,1429
2007,GreaterEastAsian,Masculino,"Software Engineering",170,3117
2007,GreaterEastAsian,"Não Informado","Software Engineering",46,1013
2007,IndianSubContinent,Feminino,"Software Engineering",18,301
2007,IndianSubContinent,Masculino,"Software Engineering",107,1858
2007,IndianSubContinent,"Não Informado","Software Engineering",16,252
2007,Jewish,Feminino,"Software Engineering",35,366
2007,Jewish,Masculino,"Software Engineering",201,2143
2007,Jewish,"Não Informado","Software Engineering",7,35
2007,Muslim,Feminino,"Software Engineering",25,156
2007,Muslim,Masculino,"Software Engineering",99,869
2007,Muslim,"Não Informado","Software Engineering",3,41
2007,WestEuropean,Feminino,"Software Engineering",107,738
2007,WestEuropean,Masculino,"Software Engineering",456,3895
2007,WestEuropean,"Não Informado","Software Engineering",9,89
2008,Africans,Feminino,"Software Engineering",10,84
2008,Africans,Masculino,"Software Engineering",42,399
2008,Africans,"Não Informado","Software Engineering",4,28
2008,British,Feminino,"Software Engineering",76,573
2008,British,Masculino,"Software Engineering",381,3031
2008,British,"Não Informado","Software Engineering",8,102
2008,EastEuropean,Feminino,"Software Engineering",21,194
2008,EastEuropean,Masculino,"Software Engineering",91,977
2008,EastEuropean,"Não Informado","Software Engineering",2,18
2008,GreaterEastAsian,Feminino,"Software Engineering",84,1445
2008,GreaterEastAsian,Masculino,"Software Engineering",207,3122
2008,GreaterEastAsian,"Não Informado","Software Engineering",33,918
2008,IndianSubContinent,Feminino,"Software Engineering",25,358
2008,IndianSubContinent,Masculino,"Software Engineering",111,1956
2008,IndianSubContinent,"Não Informado","Software Engineering",5,214
2008,Jewish,Feminino,"Software Engineering",31,371
2008,Jewish,Masculino,"Software Engineering",227,2128
2008,Jewish,"Não Informado","Software Engineering",6,40
2008,Muslim,Feminino,"Software Engineering",26,197
2008,Muslim,Masculino,"Software Engineering",97,863
2008,Muslim,"Não Informado","Software Engineering",1,41
2008,WestEuropean,Feminino,"Software Engineering",131,731
2008,WestEuropean,Masculino,"Software Engineering",608,3765
2008,WestEuropean,"Não Informado","Software Engineering",10,78
2009,Africans,Feminino,"Software Engineering",11,89
2009,Africans,Masculino,"Software Engineering",44,392
2009,Africans,"Não Informado","Software Engineering",6,24
2009,British,Feminino,"Software Engineering",105,554
2009,British,Masculino,"Software Engineering",413,3011
2009,British,"Não Informado","Software Engineering",10,92
2009,EastEuropean,Feminino,"Software Engineering",20,213
2009,EastEuropean,Masculino,"Software Engineering",140,969
2009,EastEuropean,"Não Informado","Software Engineering",3,15
2009,GreaterEastAsian,Feminino,"Software Engineering",87,1707
2009,GreaterEastAsian,Masculino,"Software Engineering",238,3733
2009,GreaterEastAsian,"Não Informado","Software Engineering",45,1211
2009,IndianSubContinent,Feminino,"Software Engineering",33,355
2009,IndianSubContinent,Masculino,"Software Engineering",131,1919
2009,IndianSubContinent,"Não Informado","Software Engineering",9,202
2009,Jewish,Feminino,"Software Engineering",45,376
2009,Jewish,Masculino,"Software Engineering",256,2039
2009,Jewish,"Não Informado","Software Engineering",3,34
2009,Muslim,Feminino,"Software Engineering",36,194
2009,Muslim,Masculino,"Software Engineering",121,814
2009,Muslim,"Não Informado","Software Engineering",3,40
2009,WestEuropean,Feminino,"Software Engineering",130,741
2009,WestEuropean,Masculino,"Software Engineering",655,3888
2009,WestEuropean,"Não Informado","Software Engineering",11,78
2010,Africans,Feminino,"Software Engineering",14,91
2010,Africans,Masculino,"Software Engineering",52,388
2010,Africans,"Não Informado","Software Engineering",6,28
2010,British,Feminino,"Software Engineering",81,630
2010,British,Masculino,"Software Engineering",356,3043
2010,British,"Não Informado","Software Engineering",10,110
2010,EastEuropean,Feminino,"Software Engineering",31,236
2010,EastEuropean,Masculino,"Software Engineering",121,1110
2010,EastEuropean,"Não Informado","Software Engineering",0,12
2010,GreaterEastAsian,Feminino,"Software Engineering",107,1794
2010,GreaterEastAsian,Masculino,"Software Engineering",207,3642
2010,GreaterEastAsian,"Não Informado","Software Engineering",27,1030
2010,IndianSubContinent,Feminino,"Software Engineering",33,346
2010,IndianSubContinent,Masculino,"Software Engineering",112,1973
2010,IndianSubContinent,"Não Informado","Software Engineering",16,189
2010,Jewish,Feminino,"Software Engineering",39,403
2010,Jewish,Masculino,"Software Engineering",211,2144
2010,Jewish,"Não Informado","Software Engineering",6,36
2010,Muslim,Feminino,"Software Engineering",50,243
2010,Muslim,Masculino,"Software Engineering",117,899
2010,Muslim,"Não Informado","Software Engineering",1,40
2010,WestEuropean,Feminino,"Software Engineering",137,800
2010,WestEuropean,Masculino,"Software Engineering",715,3991
2010,WestEuropean,"Não Informado","Software Engineering",15,77
2011,Africans,Feminino,"Software Engineering",12,110
2011,Africans,Masculino,"Software Engineering",53,438
2011,Africans,"Não Informado","Software Engineering",5,35
2011,British,Feminino,"Software Engineering",116,767
2011,British,Masculino,"Software Engineering",450,3688
2011,British,"Não Informado","Software Engineering",5,110
2011,EastEuropean,Feminino,"Software Engineering",31,248
2011,EastEuropean,Masculino,"Software Engineering",152,1190
2011,EastEuropean,"Não Informado","Software Engineering",0,13
2011,GreaterEastAsian,Feminino,"Software Engineering",127,2113
2011,GreaterEastAsian,Masculino,"Software Engineering",283,4418
2011,GreaterEastAsian,"Não Informado","Software Engineering",66,1351
2011,IndianSubContinent,Feminino,"Software Engineering",55,475
2011,IndianSubContinent,Masculino,"Software Engineering",164,2231
2011,IndianSubContinent,"Não Informado","Software Engineering",13,241
2011,Jewish,Feminino,"Software Engineering",39,473
2011,Jewish,Masculino,"Software Engineering",249,2360
2011,Jewish,"Não Informado","Software Engineering",2,32
2011,Muslim,Feminino,"Software Engineering",39,240
2011,Muslim,Masculino,"Software Engineering",157,1063
2011,Muslim,"Não Informado","Software Engineering",2,33
2011,WestEuropean,Feminino,"Software Engineering",130,985
2011,WestEuropean,Masculino,"Software Engineering",662,4595
2011,WestEuropean,"Não Informado","Software Engineering",18,97
2012,Africans,Feminino,"Software Engineering",27,124
2012,Africans,Masculino,"Software Engineering",73,487
2012,Africans,"Não Informado","Software Engineering",12,46
2012,British,Feminino,"Software Engineering",107,698
2012,British,Masculino,"Software Engineering",460,3421
2012,British,"Não Informado","Software Engineering",6,95
2012,EastEuropean,Feminino,"Software Engineering",33,246
2012,EastEuropean,Masculino,"Software Engineering",147,1169
2012,EastEuropean,"Não Informado","Software Engineering",2,7
2012,GreaterEastAsian,Feminino,"Software Engineering",143,2212
2012,GreaterEastAsian,Masculino,"Software Engineering",358,4502
2012,GreaterEastAsian,"Não Informado","Software Engineering",54,1338
2012,IndianSubContinent,Feminino,"Software Engineering",41,411
2012,IndianSubContinent,Masculino,"Software Engineering",142,2094
2012,IndianSubContinent,"Não Informado","Software Engineering",10,203
2012,Jewish,Feminino,"Software Engineering",49,441
2012,Jewish,Masculino,"Software Engineering",285,2202
2012,Jewish,"Não Informado","Software Engineering",6,37
2012,Muslim,Feminino,"Software Engineering",45,259
2012,Muslim,Masculino,"Software Engineering",160,1056
2012,Muslim,"Não Informado","Software Engineering",5,43
2012,WestEuropean,Feminino,"Software Engineering",198,1015
2012,WestEuropean,Masculino,"Software Engineering",912,4649
2012,WestEuropean,"Não Informado","Software Engineering",23,102
2013,Africans,Feminino,"Software Engineering",22,130
2013,Africans,Masculino,"Software Engineering",55,534
2013,Africans,"Não Informado","Software Engineering",12,39
2013,British,Feminino,"Software Engineering",140,873
2013,British,Masculino,"Software Engineering",516,4224
2013,British,"Não Informado","Software Engineering",11,97
2013,EastEuropean,Feminino,"Software Engineering",35,320
2013,EastEuropean,Masculino,"Software Engineering",150,1455
2013,EastEuropean,"Não Informado","Software Engineering",3,15
2013,GreaterEastAsian,Feminino,"Software Engineering",152,2929
2013,GreaterEastAsian,Masculino,"Software Engineering",380,5718
2013,GreaterEastAsian,"Não Informado","Software Engineering",46,1707
2013,IndianSubContinent,Feminino,"Software Engineering",83,563
2013,IndianSubContinent,Masculino,"Software Engineering",217,2509
2013,IndianSubContinent,"Não Informado","Software Engineering",27,231
2013,Jewish,Feminino,"Software Engineering",57,541
2013,Jewish,Masculino,"Software Engineering",275,2787
2013,Jewish,"Não Informado","Software Engineering",2,36
2013,Muslim,Feminino,"Software Engineering",54,334
2013,Muslim,Masculino,"Software Engineering",175,1351
2013,Muslim,"Não Informado","Software Engineering",10,74
2013,WestEuropean,Feminino,"Software Engineering",172,1226
2013,WestEuropean,Masculino,"Software Engineering",819,5626
2013,WestEuropean,"Não Informado","Software Engineering",17,104
2014,Africans,Feminino,"Software Engineering",18,128
2014,Africans,Masculino,"Software Engineering",63,538
2014,Africans,"Não Informado","Software Engineering",9,48
2014,British,Feminino,"Software Engineering",98,854
2014,British,Masculino,"Software Engineering",417,3863
2014,British,"Não Informado","Software Engineering",8,100
2014,EastEuropean,Feminino,"Software Engineering",37,308
2014,EastEuropean,Masculino,"Software Engineering",162,1312
2014,EastEuropean,"Não Informado","Software Engineering",4,12
2014,GreaterEastAsian,Feminino,"Software Engineering",177,2837
2014,GreaterEastAsian,Masculino,"Software Engineering",418,5533
2014,GreaterEastAsian,"Não Informado","Software Engineering",74,1650
2014,IndianSubContinent,Feminino,"Software Engineering",90,510
2014,IndianSubContinent,Masculino,"Software Engineering",245,2508
2014,IndianSubContinent,"Não Informado","Software Engineering",25,228
2014,Jewish,Feminino,"Software Engineering",45,513
2014,Jewish,Masculino,"Software Engineering",246,2468
2014,Jewish,"Não Informado","Software Engineering",2,27
2014,Muslim,Feminino,"Software Engineering",51,335
2014,Muslim,Masculino,"Software Engineering",142,1310
2014,Muslim,"Não Informado","Software Engineering",3,54
2014,WestEuropean,Feminino,"Software Engineering",160,1075
2014,WestEuropean,Masculino,"Software Engineering",804,5150
2014,WestEuropean,"Não Informado","Software Engineering",14,83
2015,Africans,Feminino,"Software Engineering",22,171
2015,Africans,Masculino,"Software Engineering",83,649
2015,Africans,"Não Informado","Software Engineering",11,58
2015,British,Feminino,"Software Engineering",129,879
2015,British,Masculino,"Software Engineering",538,4412
2015,British,"Não Informado","Software Engineering",10,96
2015,EastEuropean,Feminino,"Software Engineering",50,359
2015,EastEuropean,Masculino,"Software Engineering",221,1723
2015,EastEuropean,"Não Informado","Software Engineering",2,10
2015,GreaterEastAsian,Feminino,"Software Engineering",215,3397
2015,GreaterEastAsian,Masculino,"Software Engineering",466,7079
2015,GreaterEastAsian,"Não Informado","Software Engineering",63,1957
2015,IndianSubContinent,Feminino,"Software Engineering",68,545
2015,IndianSubContinent,Masculino,"Software Engineering",234,2735
2015,IndianSubContinent,"Não Informado","Software Engineering",22,255
2015,Jewish,Feminino,"Software Engineering",61,576
2015,Jewish,Masculino,"Software Engineering",329,2912
2015,Jewish,"Não Informado","Software Engineering",4,32
2015,Muslim,Feminino,"Software Engineering",46,366
2015,Muslim,Masculino,"Software Engineering",191,1526
2015,Muslim,"Não Informado","Software Engineering",3,52
2015,WestEuropean,Feminino,"Software Engineering",252,1393
2015,WestEuropean,Masculino,"Software Engineering",1075,6368
2015,WestEuropean,"Não Informado","Software Engineering",17,113
2016,Africans,Feminino,"Software Engineering",22,164
2016,Africans,Masculino,"Software Engineering",72,606
2016,Africans,"Não Informado","Software Engineering",13,53
2016,British,Feminino,"Software Engineering",81,939
2016,British,Masculino,"Software Engineering",420,4016
2016,British,"Não Informado","Software Engineering",11,112
2016,EastEuropean,Feminino,"Software Engineering",26,374
2016,EastEuropean,Masculino,"Software Engineering",136,1437
2016,EastEuropean,"Não Informado","Software Engineering",3,18
2016,GreaterEastAsian,Feminino,"Software Engineering",211,3485
2016,GreaterEastAsian,Masculino,"Software Engineering",486,6957
2016,GreaterEastAsian,"Não Informado","Software Engineering",100,1896
2016,IndianSubContinent,Feminino,"Software Engineering",60,600
2016,IndianSubContinent,Masculino,"Software Engineering",198,2599
2016,IndianSubContinent,"Não Informado","Software Engineering",16,258
2016,Jewish,Feminino,"Software Engineering",41,545
2016,Jewish,Masculino,"Software Engineering",232,2554
2016,Jewish,"Não Informado","Software Engineering",6,41
2016,Muslim,Feminino,"Software Engineering",46,380
2016,Muslim,Masculino,"Software Engineering",168,1448
2016,Muslim,"Não Informado","Software Engineering",3,44
2016,WestEuropean,Feminino,"Software Engineering",156,1226
2016,WestEuropean,Masculino,"Software Engineering",703,5504
2016,WestEuropean,"Não Informado","Software Engineering",16,107
2000,Africans,Feminino,Theory,7,23
2000,Africans,Masculino,Theory,51,168
2000,Africans,"Não Informado",Theory,1,6
2000,British,Feminino,Theory,48,323
2000,British,Masculino,Theory,392,1605
2000,British,"Não Informado",Theory,16,77
2000,EastEuropean,Feminino,Theory,18,72
2000,EastEuropean,Masculino,Theory,156,389
2000,EastEuropean,"Não Informado",Theory,0,6
2000,GreaterEastAsian,Feminino,Theory,51,287
2000,GreaterEastAsian,Masculino,Theory,195,876
2000,GreaterEastAsian,"Não Informado",Theory,63,294
2000,IndianSubContinent,Feminino,Theory,27,110
2000,IndianSubContinent,Masculino,Theory,261,762
2000,IndianSubContinent,"Não Informado",Theory,40,117
2000,Jewish,Feminino,Theory,63,204
2000,Jewish,Masculino,Theory,425,1089
2000,Jewish,"Não Informado",Theory,1,13
2000,Muslim,Feminino,Theory,13,41
2000,Muslim,Masculino,Theory,78,284
2000,Muslim,"Não Informado",Theory,5,20
2000,WestEuropean,Feminino,Theory,108,326
2000,WestEuropean,Masculino,Theory,602,1699
2000,WestEuropean,"Não Informado",Theory,5,34
2001,Africans,Feminino,Theory,7,19
2001,Africans,Masculino,Theory,75,210
2001,Africans,"Não Informado",Theory,0,14
2001,British,Feminino,Theory,50,380
2001,British,Masculino,Theory,341,1679
2001,British,"Não Informado",Theory,5,78
2001,EastEuropean,Feminino,Theory,20,91
2001,EastEuropean,Masculino,Theory,190,472
2001,EastEuropean,"Não Informado",Theory,0,5
2001,GreaterEastAsian,Feminino,Theory,56,371
2001,GreaterEastAsian,Masculino,Theory,197,1149
2001,GreaterEastAsian,"Não Informado",Theory,67,431
2001,IndianSubContinent,Feminino,Theory,22,148
2001,IndianSubContinent,Masculino,Theory,258,847
2001,IndianSubContinent,"Não Informado",Theory,35,107
2001,Jewish,Feminino,Theory,68,206
2001,Jewish,Masculino,Theory,445,1241
2001,Jewish,"Não Informado",Theory,2,12
2001,Muslim,Feminino,Theory,10,65
2001,Muslim,Masculino,Theory,94,343
2001,Muslim,"Não Informado",Theory,5,18
2001,WestEuropean,Feminino,Theory,99,382
2001,WestEuropean,Masculino,Theory,563,1926
2001,WestEuropean,"Não Informado",Theory,1,48
2002,Africans,Feminino,Theory,6,28
2002,Africans,Masculino,Theory,63,190
2002,Africans,"Não Informado",Theory,1,10
2002,British,Feminino,Theory,40,341
2002,British,Masculino,Theory,352,1748
2002,British,"Não Informado",Theory,11,90
2002,EastEuropean,Feminino,Theory,25,95
2002,EastEuropean,Masculino,Theory,212,519
2002,EastEuropean,"Não Informado",Theory,0,10
2002,GreaterEastAsian,Feminino,Theory,45,409
2002,GreaterEastAsian,Masculino,Theory,202,1128
2002,GreaterEastAsian,"Não Informado",Theory,58,360
2002,IndianSubContinent,Feminino,Theory,30,164
2002,IndianSubContinent,Masculino,Theory,292,946
2002,IndianSubContinent,"Não Informado",Theory,44,123
2002,Jewish,Feminino,Theory,76,239
2002,Jewish,Masculino,Theory,468,1239
2002,Jewish,"Não Informado",Theory,1,23
2002,Muslim,Feminino,Theory,14,65
2002,Muslim,Masculino,Theory,100,373
2002,Muslim,"Não Informado",Theory,5,15
2002,WestEuropean,Feminino,Theory,94,385
2002,WestEuropean,Masculino,Theory,628,1949
2002,WestEuropean,"Não Informado",Theory,3,38
2003,Africans,Feminino,Theory,7,47
2003,Africans,Masculino,Theory,67,222
2003,Africans,"Não Informado",Theory,1,6
2003,British,Feminino,Theory,59,389
2003,British,Masculino,Theory,357,2015
2003,British,"Não Informado",Theory,13,85
2003,EastEuropean,Feminino,Theory,29,136
2003,EastEuropean,Masculino,Theory,217,612
2003,EastEuropean,"Não Informado",Theory,1,10
2003,GreaterEastAsian,Feminino,Theory,60,625
2003,GreaterEastAsian,Masculino,Theory,208,1644
2003,GreaterEastAsian,"Não Informado",Theory,76,529
2003,IndianSubContinent,Feminino,Theory,33,205
2003,IndianSubContinent,Masculino,Theory,308,1188
2003,IndianSubContinent,"Não Informado",Theory,39,153
2003,Jewish,Feminino,Theory,64,252
2003,Jewish,Masculino,Theory,471,1400
2003,Jewish,"Não Informado",Theory,1,18
2003,Muslim,Feminino,Theory,16,95
2003,Muslim,Masculino,Theory,106,429
2003,Muslim,"Não Informado",Theory,5,26
2003,WestEuropean,Feminino,Theory,101,462
2003,WestEuropean,Masculino,Theory,592,2262
2003,WestEuropean,"Não Informado",Theory,10,46
2004,Africans,Feminino,Theory,8,46
2004,Africans,Masculino,Theory,80,267
2004,Africans,"Não Informado",Theory,3,14
2004,British,Feminino,Theory,74,449
2004,British,Masculino,Theory,438,2229
2004,British,"Não Informado",Theory,12,77
2004,EastEuropean,Feminino,Theory,33,126
2004,EastEuropean,Masculino,Theory,275,677
2004,EastEuropean,"Não Informado",Theory,1,6
2004,GreaterEastAsian,Feminino,Theory,88,856
2004,GreaterEastAsian,Masculino,Theory,291,1880
2004,GreaterEastAsian,"Não Informado",Theory,79,637
2004,IndianSubContinent,Feminino,Theory,31,208
2004,IndianSubContinent,Masculino,Theory,338,1387
2004,IndianSubContinent,"Não Informado",Theory,51,156
2004,Jewish,Feminino,Theory,88,263
2004,Jewish,Masculino,Theory,554,1539
2004,Jewish,"Não Informado",Theory,6,14
2004,Muslim,Feminino,Theory,19,114
2004,Muslim,Masculino,Theory,133,499
2004,Muslim,"Não Informado",Theory,5,27
2004,WestEuropean,Feminino,Theory,115,463
2004,WestEuropean,Masculino,Theory,751,2495
2004,WestEuropean,"Não Informado",Theory,8,52
2005,Africans,Feminino,Theory,7,62
2005,Africans,Masculino,Theory,96,329
2005,Africans,"Não Informado",Theory,1,19
2005,British,Feminino,Theory,55,561
2005,British,Masculino,Theory,446,2796
2005,British,"Não Informado",Theory,14,109
2005,EastEuropean,Feminino,Theory,34,176
2005,EastEuropean,Masculino,Theory,305,889
2005,EastEuropean,"Não Informado",Theory,2,4
2005,GreaterEastAsian,Feminino,Theory,96,1127
2005,GreaterEastAsian,Masculino,Theory,313,2763
2005,GreaterEastAsian,"Não Informado",Theory,121,824
2005,IndianSubContinent,Feminino,Theory,40,268
2005,IndianSubContinent,Masculino,Theory,343,1535
2005,IndianSubContinent,"Não Informado",Theory,45,190
2005,Jewish,Feminino,Theory,90,321
2005,Jewish,Masculino,Theory,551,1872
2005,Jewish,"Não Informado",Theory,10,33
2005,Muslim,Feminino,Theory,28,139
2005,Muslim,Masculino,Theory,118,639
2005,Muslim,"Não Informado",Theory,1,35
2005,WestEuropean,Feminino,Theory,131,612
2005,WestEuropean,Masculino,Theory,772,3156
2005,WestEuropean,"Não Informado",Theory,11,65
2006,Africans,Feminino,Theory,10,79
2006,Africans,Masculino,Theory,106,351
2006,Africans,"Não Informado",Theory,3,21
2006,British,Feminino,Theory,55,567
2006,British,Masculino,Theory,440,2760
2006,British,"Não Informado",Theory,15,118
2006,EastEuropean,Feminino,Theory,40,160
2006,EastEuropean,Masculino,Theory,294,848
2006,EastEuropean,"Não Informado",Theory,1,12
2006,GreaterEastAsian,Feminino,Theory,88,1152
2006,GreaterEastAsian,Masculino,Theory,260,2604
2006,GreaterEastAsian,"Não Informado",Theory,90,858
2006,IndianSubContinent,Feminino,Theory,54,283
2006,IndianSubContinent,Masculino,Theory,354,1556
2006,IndianSubContinent,"Não Informado",Theory,36,199
2006,Jewish,Feminino,Theory,114,374
2006,Jewish,Masculino,Theory,547,1917
2006,Jewish,"Não Informado",Theory,6,35
2006,Muslim,Feminino,Theory,27,164
2006,Muslim,Masculino,Theory,162,686
2006,Muslim,"Não Informado",Theory,7,35
2006,WestEuropean,Feminino,Theory,130,641
2006,WestEuropean,Masculino,Theory,749,3043
2006,WestEuropean,"Não Informado",Theory,7,74
2007,Africans,Feminino,Theory,8,93
2007,Africans,Masculino,Theory,100,419
2007,Africans,"Não Informado",Theory,5,26
2007,British,Feminino,Theory,64,534
2007,British,Masculino,Theory,492,3107
2007,British,"Não Informado",Theory,18,119
2007,EastEuropean,Feminino,Theory,46,202
2007,EastEuropean,Masculino,Theory,278,880
2007,EastEuropean,"Não Informado",Theory,0,18
2007,GreaterEastAsian,Feminino,Theory,92,1429
2007,GreaterEastAsian,Masculino,Theory,333,3117
2007,GreaterEastAsian,"Não Informado",Theory,113,1013
2007,IndianSubContinent,Feminino,Theory,34,301
2007,IndianSubContinent,Masculino,Theory,364,1858
2007,IndianSubContinent,"Não Informado",Theory,37,252
2007,Jewish,Feminino,Theory,84,366
2007,Jewish,Masculino,Theory,561,2143
2007,Jewish,"Não Informado",Theory,6,35
2007,Muslim,Feminino,Theory,29,156
2007,Muslim,Masculino,Theory,162,869
2007,Muslim,"Não Informado",Theory,7,41
2007,WestEuropean,Feminino,Theory,132,738
2007,WestEuropean,Masculino,Theory,850,3895
2007,WestEuropean,"Não Informado",Theory,15,89
2008,Africans,Feminino,Theory,7,84
2008,Africans,Masculino,Theory,104,399
2008,Africans,"Não Informado",Theory,2,28
2008,British,Feminino,Theory,52,573
2008,British,Masculino,Theory,499,3031
2008,British,"Não Informado",Theory,15,102
2008,EastEuropean,Feminino,Theory,38,194
2008,EastEuropean,Masculino,Theory,323,977
2008,EastEuropean,"Não Informado",Theory,2,18
2008,GreaterEastAsian,Feminino,Theory,96,1445
2008,GreaterEastAsian,Masculino,Theory,309,3122
2008,GreaterEastAsian,"Não Informado",Theory,91,918
2008,IndianSubContinent,Feminino,Theory,56,358
2008,IndianSubContinent,Masculino,Theory,419,1956
2008,IndianSubContinent,"Não Informado",Theory,42,214
2008,Jewish,Feminino,Theory,101,371
2008,Jewish,Masculino,Theory,610,2128
2008,Jewish,"Não Informado",Theory,9,40
2008,Muslim,Feminino,Theory,25,197
2008,Muslim,Masculino,Theory,148,863
2008,Muslim,"Não Informado",Theory,14,41
2008,WestEuropean,Feminino,Theory,122,731
2008,WestEuropean,Masculino,Theory,827,3765
2008,WestEuropean,"Não Informado",Theory,17,78
2009,Africans,Feminino,Theory,7,89
2009,Africans,Masculino,Theory,84,392
2009,Africans,"Não Informado",Theory,1,24
2009,British,Feminino,Theory,60,554
2009,British,Masculino,Theory,504,3011
2009,British,"Não Informado",Theory,11,92
2009,EastEuropean,Feminino,Theory,32,213
2009,EastEuropean,Masculino,Theory,274,969
2009,EastEuropean,"Não Informado",Theory,0,15
2009,GreaterEastAsian,Feminino,Theory,99,1707
2009,GreaterEastAsian,Masculino,Theory,336,3733
2009,GreaterEastAsian,"Não Informado",Theory,106,1211
2009,IndianSubContinent,Feminino,Theory,40,355
2009,IndianSubContinent,Masculino,Theory,387,1919
2009,IndianSubContinent,"Não Informado",Theory,46,202
2009,Jewish,Feminino,Theory,82,376
2009,Jewish,Masculino,Theory,515,2039
2009,Jewish,"Não Informado",Theory,2,34
2009,Muslim,Feminino,Theory,29,194
2009,Muslim,Masculino,Theory,164,814
2009,Muslim,"Não Informado",Theory,7,40
2009,WestEuropean,Feminino,Theory,148,741
2009,WestEuropean,Masculino,Theory,830,3888
2009,WestEuropean,"Não Informado",Theory,17,78
2010,Africans,Feminino,Theory,9,91
2010,Africans,Masculino,Theory,98,388
2010,Africans,"Não Informado",Theory,2,28
2010,British,Feminino,Theory,59,630
2010,British,Masculino,Theory,518,3043
2010,British,"Não Informado",Theory,10,110
2010,EastEuropean,Feminino,Theory,48,236
2010,EastEuropean,Masculino,Theory,370,1110
2010,EastEuropean,"Não Informado",Theory,1,12
2010,GreaterEastAsian,Feminino,Theory,110,1794
2010,GreaterEastAsian,Masculino,Theory,304,3642
2010,GreaterEastAsian,"Não Informado",Theory,94,1030
2010,IndianSubContinent,Feminino,Theory,46,346
2010,IndianSubContinent,Masculino,Theory,437,1973
2010,IndianSubContinent,"Não Informado",Theory,30,189
2010,Jewish,Feminino,Theory,92,403
2010,Jewish,Masculino,Theory,596,2144
2010,Jewish,"Não Informado",Theory,8,36
2010,Muslim,Feminino,Theory,37,243
2010,Muslim,Masculino,Theory,165,899
2010,Muslim,"Não Informado",Theory,14,40
2010,WestEuropean,Feminino,Theory,153,800
2010,WestEuropean,Masculino,Theory,874,3991
2010,WestEuropean,"Não Informado",Theory,11,77
2011,Africans,Feminino,Theory,12,110
2011,Africans,Masculino,Theory,75,438
2011,Africans,"Não Informado",Theory,0,35
2011,British,Feminino,Theory,68,767
2011,British,Masculino,Theory,514,3688
2011,British,"Não Informado",Theory,18,110
2011,EastEuropean,Feminino,Theory,40,248
2011,EastEuropean,Masculino,Theory,306,1190
2011,EastEuropean,"Não Informado",Theory,1,13
2011,GreaterEastAsian,Feminino,Theory,100,2113
2011,GreaterEastAsian,Masculino,Theory,297,4418
2011,GreaterEastAsian,"Não Informado",Theory,102,1351
2011,IndianSubContinent,Feminino,Theory,38,475
2011,IndianSubContinent,Masculino,Theory,376,2231
2011,IndianSubContinent,"Não Informado",Theory,28,241
2011,Jewish,Feminino,Theory,92,473
2011,Jewish,Masculino,Theory,552,2360
2011,Jewish,"Não Informado",Theory,8,32
2011,Muslim,Feminino,Theory,32,240
2011,Muslim,Masculino,Theory,179,1063
2011,Muslim,"Não Informado",Theory,9,33
2011,WestEuropean,Feminino,Theory,142,985
2011,WestEuropean,Masculino,Theory,771,4595
2011,WestEuropean,"Não Informado",Theory,10,97
2012,Africans,Feminino,Theory,8,124
2012,Africans,Masculino,Theory,91,487
2012,Africans,"Não Informado",Theory,3,46
2012,British,Feminino,Theory,63,698
2012,British,Masculino,Theory,499,3421
2012,British,"Não Informado",Theory,10,95
2012,EastEuropean,Feminino,Theory,44,246
2012,EastEuropean,Masculino,Theory,363,1169
2012,EastEuropean,"Não Informado",Theory,0,7
2012,GreaterEastAsian,Feminino,Theory,103,2212
2012,GreaterEastAsian,Masculino,Theory,340,4502
2012,GreaterEastAsian,"Não Informado",Theory,101,1338
2012,IndianSubContinent,Feminino,Theory,58,411
2012,IndianSubContinent,Masculino,Theory,441,2094
2012,IndianSubContinent,"Não Informado",Theory,39,203
2012,Jewish,Feminino,Theory,78,441
2012,Jewish,Masculino,Theory,539,2202
2012,Jewish,"Não Informado",Theory,6,37
2012,Muslim,Feminino,Theory,39,259
2012,Muslim,Masculino,Theory,183,1056
2012,Muslim,"Não Informado",Theory,5,43
2012,WestEuropean,Feminino,Theory,132,1015
2012,WestEuropean,Masculino,Theory,863,4649
2012,WestEuropean,"Não Informado",Theory,11,102
2013,Africans,Feminino,Theory,11,130
2013,Africans,Masculino,Theory,67,534
2013,Africans,"Não Informado",Theory,1,39
2013,British,Feminino,Theory,50,873
2013,British,Masculino,Theory,567,4224
2013,British,"Não Informado",Theory,14,97
2013,EastEuropean,Feminino,Theory,28,320
2013,EastEuropean,Masculino,Theory,388,1455
2013,EastEuropean,"Não Informado",Theory,1,15
2013,GreaterEastAsian,Feminino,Theory,128,2929
2013,GreaterEastAsian,Masculino,Theory,316,5718
2013,GreaterEastAsian,"Não Informado",Theory,109,1707
2013,IndianSubContinent,Feminino,Theory,66,563
2013,IndianSubContinent,Masculino,Theory,406,2509
2013,IndianSubContinent,"Não Informado",Theory,34,231
2013,Jewish,Feminino,Theory,83,541
2013,Jewish,Masculino,Theory,634,2787
2013,Jewish,"Não Informado",Theory,11,36
2013,Muslim,Feminino,Theory,41,334
2013,Muslim,Masculino,Theory,185,1351
2013,Muslim,"Não Informado",Theory,7,74
2013,WestEuropean,Feminino,Theory,143,1226
2013,WestEuropean,Masculino,Theory,916,5626
2013,WestEuropean,"Não Informado",Theory,14,104
2014,Africans,Feminino,Theory,11,128
2014,Africans,Masculino,Theory,94,538
2014,Africans,"Não Informado",Theory,2,48
2014,British,Feminino,Theory,80,854
2014,British,Masculino,Theory,534,3863
2014,British,"Não Informado",Theory,13,100
2014,EastEuropean,Feminino,Theory,50,308
2014,EastEuropean,Masculino,Theory,365,1312
2014,EastEuropean,"Não Informado",Theory,2,12
2014,GreaterEastAsian,Feminino,Theory,130,2837
2014,GreaterEastAsian,Masculino,Theory,389,5533
2014,GreaterEastAsian,"Não Informado",Theory,101,1650
2014,IndianSubContinent,Feminino,Theory,73,510
2014,IndianSubContinent,Masculino,Theory,488,2508
2014,IndianSubContinent,"Não Informado",Theory,31,228
2014,Jewish,Feminino,Theory,91,513
2014,Jewish,Masculino,Theory,597,2468
2014,Jewish,"Não Informado",Theory,12,27
2014,Muslim,Feminino,Theory,40,335
2014,Muslim,Masculino,Theory,202,1310
2014,Muslim,"Não Informado",Theory,7,54
2014,WestEuropean,Feminino,Theory,158,1075
2014,WestEuropean,Masculino,Theory,887,5150
2014,WestEuropean,"Não Informado",Theory,9,83
2015,Africans,Feminino,Theory,22,171
2015,Africans,Masculino,Theory,87,649
2015,Africans,"Não Informado",Theory,4,58
2015,British,Feminino,Theory,70,879
2015,British,Masculino,Theory,561,4412
2015,British,"Não Informado",Theory,13,96
2015,EastEuropean,Feminino,Theory,35,359
2015,EastEuropean,Masculino,Theory,398,1723
2015,EastEuropean,"Não Informado",Theory,1,10
2015,GreaterEastAsian,Feminino,Theory,132,3397
2015,GreaterEastAsian,Masculino,Theory,408,7079
2015,GreaterEastAsian,"Não Informado",Theory,110,1957
2015,IndianSubContinent,Feminino,Theory,81,545
2015,IndianSubContinent,Masculino,Theory,460,2735
2015,IndianSubContinent,"Não Informado",Theory,32,255
2015,Jewish,Feminino,Theory,99,576
2015,Jewish,Masculino,Theory,618,2912
2015,Jewish,"Não Informado",Theory,8,32
2015,Muslim,Feminino,Theory,36,366
2015,Muslim,Masculino,Theory,261,1526
2015,Muslim,"Não Informado",Theory,5,52
2015,WestEuropean,Feminino,Theory,157,1393
2015,WestEuropean,Masculino,Theory,878,6368
2015,WestEuropean,"Não Informado",Theory,18,113
2016,Africans,Feminino,Theory,13,164
2016,Africans,Masculino,Theory,64,606
2016,Africans,"Não Informado",Theory,0,53
2016,British,Feminino,Theory,63,939
2016,British,Masculino,Theory,515,4016
2016,British,"Não Informado",Theory,6,112
2016,EastEuropean,Feminino,Theory,51,374
2016,EastEuropean,Masculino,Theory,359,1437
2016,EastEuropean,"Não Informado",Theory,3,18
2016,GreaterEastAsian,Feminino,Theory,115,3485
2016,GreaterEastAsian,Masculino,Theory,366,6957
2016,GreaterEastAsian,"Não Informado",Theory,81,1896
2016,IndianSubContinent,Feminino,Theory,73,600
2016,IndianSubContinent,Masculino,Theory,392,2599
2016,IndianSubContinent,"Não Informado",Theory,37,258
2016,Jewish,Feminino,Theory,97,545
2016,Jewish,Masculino,Theory,598,2554
2016,Jewish,"Não Informado",Theory,10,41
2016,Muslim,Feminino,Theory,34,380
2016,Muslim,Masculino,Theory,215,1448
2016,Muslim,"Não Informado",Theory,9,44
2016,WestEuropean,Feminino,Theory,158,1226
2016,WestEuropean,Masculino,Theory,939,5504
2016,WestEuropean,"Não Informado",Theory,14,107
